default	default	1	<securibench.micro.collections.Collections1: void doGet(javax.servlet.http.HttpServletRequest,javax.servlet.http.HttpServletResponse)>/java.io.PrintWriter.println/0	<securibench.micro.collections.Collections1: void doGet(javax.servlet.http.HttpServletRequest,javax.servlet.http.HttpServletResponse)>/javax.servlet.http.HttpServletRequest.getParameter/0
default	default	2	<securibench.micro.datastructures.Datastructures6: void doGet(javax.servlet.http.HttpServletRequest,javax.servlet.http.HttpServletResponse)>/java.io.PrintWriter.println/0	<securibench.micro.datastructures.Datastructures6: void doGet(javax.servlet.http.HttpServletRequest,javax.servlet.http.HttpServletResponse)>/javax.servlet.http.HttpServletRequest.getParameter/0
default	default	3	<securibench.micro.basic.Basic37: void doGet(javax.servlet.http.HttpServletRequest,javax.servlet.http.HttpServletResponse)>/java.io.PrintWriter.println/0	<securibench.micro.basic.Basic37: void doGet(javax.servlet.http.HttpServletRequest,javax.servlet.http.HttpServletResponse)>/javax.servlet.http.HttpServletRequest.getParameter/0
default	default	4	<securibench.micro.arrays.Arrays7: void doGet(javax.servlet.http.HttpServletRequest,javax.servlet.http.HttpServletResponse)>/java.io.PrintWriter.println/0	<securibench.micro.arrays.Arrays7: void doGet(javax.servlet.http.HttpServletRequest,javax.servlet.http.HttpServletResponse)>/javax.servlet.http.HttpServletRequest.getParameter/0
default	default	5	<securibench.micro.basic.Basic40: void doGet(javax.servlet.http.HttpServletRequest,javax.servlet.http.HttpServletResponse)>/java.io.PrintWriter.println/0	<securibench.micro.basic.Basic40: void doGet(javax.servlet.http.HttpServletRequest,javax.servlet.http.HttpServletResponse)>/com.oreilly.servlet.MultipartRequest.getParameter/0
default	default	6	<securibench.micro.sanitizers.Sanitizers5: void doGet(javax.servlet.http.HttpServletRequest,javax.servlet.http.HttpServletResponse)>/javax.servlet.http.HttpServletResponse.sendRedirect/0	<securibench.micro.sanitizers.Sanitizers5: void doGet(javax.servlet.http.HttpServletRequest,javax.servlet.http.HttpServletResponse)>/java.net.URLDecoder.decode/0
default	default	6	<securibench.micro.sanitizers.Sanitizers5: void doGet(javax.servlet.http.HttpServletRequest,javax.servlet.http.HttpServletResponse)>/javax.servlet.http.HttpServletResponse.sendRedirect/0	<securibench.micro.basic.Basic37: void doGet(javax.servlet.http.HttpServletRequest,javax.servlet.http.HttpServletResponse)>/javax.servlet.http.HttpServletRequest.getParameter/0
default	default	6	<securibench.micro.sanitizers.Sanitizers5: void doGet(javax.servlet.http.HttpServletRequest,javax.servlet.http.HttpServletResponse)>/javax.servlet.http.HttpServletResponse.sendRedirect/0	<securibench.micro.aliasing.Aliasing4: void doGet(javax.servlet.http.HttpServletRequest,javax.servlet.http.HttpServletResponse)>/javax.servlet.http.HttpServletRequest.getParameter/0
default	default	6	<securibench.micro.sanitizers.Sanitizers5: void doGet(javax.servlet.http.HttpServletRequest,javax.servlet.http.HttpServletResponse)>/javax.servlet.http.HttpServletResponse.sendRedirect/0	<securibench.micro.inter.Inter10: void doGet(javax.servlet.http.HttpServletRequest,javax.servlet.http.HttpServletResponse)>/javax.servlet.http.HttpServletRequest.getParameter/0
default	default	6	<securibench.micro.sanitizers.Sanitizers5: void doGet(javax.servlet.http.HttpServletRequest,javax.servlet.http.HttpServletResponse)>/javax.servlet.http.HttpServletResponse.sendRedirect/0	<securibench.micro.basic.Basic23: void doGet(javax.servlet.http.HttpServletRequest,javax.servlet.http.HttpServletResponse)>/javax.servlet.http.HttpServletRequest.getParameter/0
default	default	6	<securibench.micro.sanitizers.Sanitizers5: void doGet(javax.servlet.http.HttpServletRequest,javax.servlet.http.HttpServletResponse)>/javax.servlet.http.HttpServletResponse.sendRedirect/0	<securibench.micro.basic.Basic39: void doGet(javax.servlet.http.HttpServletRequest,javax.servlet.http.HttpServletResponse)>/javax.servlet.http.HttpServletRequest.getParameter/0
default	default	6	<securibench.micro.sanitizers.Sanitizers5: void doGet(javax.servlet.http.HttpServletRequest,javax.servlet.http.HttpServletResponse)>/javax.servlet.http.HttpServletResponse.sendRedirect/0	<securibench.micro.sanitizers.Sanitizers4: void doGet(javax.servlet.http.HttpServletRequest,javax.servlet.http.HttpServletResponse)>/javax.servlet.http.HttpServletRequest.getParameter/0
default	default	6	<securibench.micro.sanitizers.Sanitizers5: void doGet(javax.servlet.http.HttpServletRequest,javax.servlet.http.HttpServletResponse)>/javax.servlet.http.HttpServletResponse.sendRedirect/0	<securibench.micro.aliasing.Aliasing5: void foo(java.lang.StringBuffer,java.lang.StringBuffer,javax.servlet.ServletResponse,javax.servlet.ServletRequest)>/javax.servlet.ServletRequest.getParameter/0
default	default	6	<securibench.micro.sanitizers.Sanitizers5: void doGet(javax.servlet.http.HttpServletRequest,javax.servlet.http.HttpServletResponse)>/javax.servlet.http.HttpServletResponse.sendRedirect/0	<securibench.micro.basic.Basic10: void doGet(javax.servlet.http.HttpServletRequest,javax.servlet.http.HttpServletResponse)>/javax.servlet.http.HttpServletRequest.getParameter/0
default	default	6	<securibench.micro.sanitizers.Sanitizers5: void doGet(javax.servlet.http.HttpServletRequest,javax.servlet.http.HttpServletResponse)>/javax.servlet.http.HttpServletResponse.sendRedirect/0	<securibench.micro.collections.Collections11: void doGet(javax.servlet.http.HttpServletRequest,javax.servlet.http.HttpServletResponse)>/javax.servlet.http.HttpServletRequest.getParameter/0
default	default	6	<securibench.micro.sanitizers.Sanitizers5: void doGet(javax.servlet.http.HttpServletRequest,javax.servlet.http.HttpServletResponse)>/javax.servlet.http.HttpServletResponse.sendRedirect/0	<securibench.micro.basic.Basic6: void doGet(javax.servlet.http.HttpServletRequest,javax.servlet.http.HttpServletResponse)>/javax.servlet.http.HttpServletRequest.getParameter/0
default	default	6	<securibench.micro.sanitizers.Sanitizers5: void doGet(javax.servlet.http.HttpServletRequest,javax.servlet.http.HttpServletResponse)>/javax.servlet.http.HttpServletResponse.sendRedirect/0	<securibench.micro.basic.Basic5: void doGet(javax.servlet.http.HttpServletRequest,javax.servlet.http.HttpServletResponse)>/javax.servlet.http.HttpServletRequest.getParameter/0
default	default	6	<securibench.micro.sanitizers.Sanitizers5: void doGet(javax.servlet.http.HttpServletRequest,javax.servlet.http.HttpServletResponse)>/javax.servlet.http.HttpServletResponse.sendRedirect/0	<securibench.micro.basic.Basic38: void doGet(javax.servlet.http.HttpServletRequest,javax.servlet.http.HttpServletResponse)>/javax.servlet.http.HttpServletRequest.getParameter/0
default	default	6	<securibench.micro.sanitizers.Sanitizers5: void doGet(javax.servlet.http.HttpServletRequest,javax.servlet.http.HttpServletResponse)>/javax.servlet.http.HttpServletResponse.sendRedirect/0	<securibench.micro.basic.Basic22: void doGet(javax.servlet.http.HttpServletRequest,javax.servlet.http.HttpServletResponse)>/javax.servlet.http.HttpServletRequest.getParameter/0
default	default	6	<securibench.micro.sanitizers.Sanitizers5: void doGet(javax.servlet.http.HttpServletRequest,javax.servlet.http.HttpServletResponse)>/javax.servlet.http.HttpServletResponse.sendRedirect/0	<securibench.micro.inter.Inter3: void doGet(javax.servlet.http.HttpServletRequest,javax.servlet.http.HttpServletResponse)>/javax.servlet.http.HttpServletRequest.getParameter/0
default	default	6	<securibench.micro.sanitizers.Sanitizers5: void doGet(javax.servlet.http.HttpServletRequest,javax.servlet.http.HttpServletResponse)>/javax.servlet.http.HttpServletResponse.sendRedirect/0	<securibench.micro.basic.Basic7: void doGet(javax.servlet.http.HttpServletRequest,javax.servlet.http.HttpServletResponse)>/javax.servlet.http.HttpServletRequest.getParameter/0
default	default	8	<securibench.micro.aliasing.Aliasing4: void doGet(javax.servlet.http.HttpServletRequest,javax.servlet.http.HttpServletResponse)>/java.io.PrintWriter.println/0	<securibench.micro.aliasing.Aliasing4: void doGet(javax.servlet.http.HttpServletRequest,javax.servlet.http.HttpServletResponse)>/javax.servlet.http.HttpServletRequest.getParameter/0
default	default	8	<securibench.micro.aliasing.Aliasing4: void doGet(javax.servlet.http.HttpServletRequest,javax.servlet.http.HttpServletResponse)>/java.io.PrintWriter.println/1	<securibench.micro.aliasing.Aliasing4: void doGet(javax.servlet.http.HttpServletRequest,javax.servlet.http.HttpServletResponse)>/javax.servlet.http.HttpServletRequest.getParameter/0
default	default	10	<securibench.micro.inter.Inter10: void doGet(javax.servlet.http.HttpServletRequest,javax.servlet.http.HttpServletResponse)>/java.io.PrintWriter.println/0	<securibench.micro.inter.Inter10: void doGet(javax.servlet.http.HttpServletRequest,javax.servlet.http.HttpServletResponse)>/javax.servlet.http.HttpServletRequest.getParameter/0
default	default	10	<securibench.micro.inter.Inter10: void doGet(javax.servlet.http.HttpServletRequest,javax.servlet.http.HttpServletResponse)>/java.io.PrintWriter.println/1	<securibench.micro.inter.Inter10: void doGet(javax.servlet.http.HttpServletRequest,javax.servlet.http.HttpServletResponse)>/javax.servlet.http.HttpServletRequest.getParameter/0
default	default	11	<securibench.micro.arrays.Arrays3: void doGet(javax.servlet.http.HttpServletRequest,javax.servlet.http.HttpServletResponse)>/java.io.PrintWriter.println/0	<securibench.micro.arrays.Arrays3: void doGet(javax.servlet.http.HttpServletRequest,javax.servlet.http.HttpServletResponse)>/javax.servlet.http.HttpServletRequest.getParameter/0
default	default	13	<securibench.micro.strong_updates.StrongUpdates5: void doGet(javax.servlet.http.HttpServletRequest,javax.servlet.http.HttpServletResponse)>/java.io.PrintWriter.println/0	<securibench.micro.strong_updates.StrongUpdates5: void doGet(javax.servlet.http.HttpServletRequest,javax.servlet.http.HttpServletResponse)>/javax.servlet.http.HttpServletRequest.getParameter/0
default	default	14	<securibench.micro.basic.Basic3: void doGet(javax.servlet.http.HttpServletRequest,javax.servlet.http.HttpServletResponse)>/java.io.PrintWriter.println/0	<securibench.micro.basic.Basic3: void doGet(javax.servlet.http.HttpServletRequest,javax.servlet.http.HttpServletResponse)>/javax.servlet.http.HttpServletRequest.getParameter/0
default	default	15	<securibench.micro.arrays.Arrays4: void doGet(javax.servlet.http.HttpServletRequest,javax.servlet.http.HttpServletResponse)>/java.io.PrintWriter.println/0	<securibench.micro.arrays.Arrays4: void doGet(javax.servlet.http.HttpServletRequest,javax.servlet.http.HttpServletResponse)>/javax.servlet.http.HttpServletRequest.getParameter/0
default	default	17	<securibench.micro.pred.Pred7: void doGet(javax.servlet.http.HttpServletRequest,javax.servlet.http.HttpServletResponse)>/java.io.PrintWriter.println/0	<securibench.micro.pred.Pred7: void doGet(javax.servlet.http.HttpServletRequest,javax.servlet.http.HttpServletResponse)>/javax.servlet.http.HttpServletRequest.getParameter/0
default	default	18	<securibench.micro.session.Session3: void doGet(javax.servlet.http.HttpServletRequest,javax.servlet.http.HttpServletResponse)>/java.io.PrintWriter.println/0	<securibench.micro.session.Session3: void doGet(javax.servlet.http.HttpServletRequest,javax.servlet.http.HttpServletResponse)>/javax.servlet.http.HttpSession.getAttribute/0
default	default	19	<securibench.micro.arrays.Arrays9: void doGet(javax.servlet.http.HttpServletRequest,javax.servlet.http.HttpServletResponse)>/java.io.PrintWriter.println/0	<securibench.micro.arrays.Arrays9: void doGet(javax.servlet.http.HttpServletRequest,javax.servlet.http.HttpServletResponse)>/javax.servlet.http.HttpServletRequest.getParameter/0
default	default	20	<securibench.micro.basic.Basic4: void doGet(javax.servlet.http.HttpServletRequest,javax.servlet.http.HttpServletResponse)>/java.io.PrintWriter.println/0	<securibench.micro.basic.Basic4: void doGet(javax.servlet.http.HttpServletRequest,javax.servlet.http.HttpServletResponse)>/javax.servlet.http.HttpServletRequest.getParameter/0
default	default	22	<securibench.micro.basic.Basic2: void doGet(javax.servlet.http.HttpServletRequest,javax.servlet.http.HttpServletResponse)>/java.io.PrintWriter.println/0	<securibench.micro.basic.Basic2: void doGet(javax.servlet.http.HttpServletRequest,javax.servlet.http.HttpServletResponse)>/javax.servlet.http.HttpServletRequest.getParameter/0
default	default	23	<securibench.micro.datastructures.Datastructures2: void doGet(javax.servlet.http.HttpServletRequest,javax.servlet.http.HttpServletResponse)>/java.io.PrintWriter.println/1	<securibench.micro.datastructures.Datastructures2: void doGet(javax.servlet.http.HttpServletRequest,javax.servlet.http.HttpServletResponse)>/javax.servlet.http.HttpServletRequest.getParameter/0
default	default	24	<securibench.micro.basic.Basic13: void doGet(javax.servlet.http.HttpServletRequest,javax.servlet.http.HttpServletResponse)>/java.io.PrintWriter.println/0	<securibench.micro.basic.Basic13: void doGet(javax.servlet.http.HttpServletRequest,javax.servlet.http.HttpServletResponse)>/javax.servlet.ServletConfig.getInitParameter/0
default	default	25	<securibench.micro.datastructures.Datastructures3: void doGet(javax.servlet.http.HttpServletRequest,javax.servlet.http.HttpServletResponse)>/java.io.PrintWriter.println/0	<securibench.micro.datastructures.Datastructures3: void doGet(javax.servlet.http.HttpServletRequest,javax.servlet.http.HttpServletResponse)>/javax.servlet.http.HttpServletRequest.getParameter/0
default	default	26	<securibench.micro.basic.Basic32: void doGet(javax.servlet.http.HttpServletRequest,javax.servlet.http.HttpServletResponse)>/java.io.PrintWriter.println/0	<securibench.micro.basic.Basic32: void doGet(javax.servlet.http.HttpServletRequest,javax.servlet.http.HttpServletResponse)>/javax.servlet.http.HttpServletRequest.getHeader/0
default	default	27	<securibench.micro.inter.Inter5: void doGet(javax.servlet.http.HttpServletRequest,javax.servlet.http.HttpServletResponse)>/java.io.PrintWriter.println/0	<securibench.micro.inter.Inter5: void doGet(javax.servlet.http.HttpServletRequest,javax.servlet.http.HttpServletResponse)>/javax.servlet.http.HttpServletRequest.getParameter/0
default	default	27	<securibench.micro.inter.Inter5: void doGet(javax.servlet.http.HttpServletRequest,javax.servlet.http.HttpServletResponse)>/java.io.PrintWriter.println/1	<securibench.micro.inter.Inter5: void doGet(javax.servlet.http.HttpServletRequest,javax.servlet.http.HttpServletResponse)>/javax.servlet.http.HttpServletRequest.getParameter/0
default	default	28	<securibench.micro.arrays.Arrays10: void doGet(javax.servlet.http.HttpServletRequest,javax.servlet.http.HttpServletResponse)>/java.io.PrintWriter.println/0	<securibench.micro.arrays.Arrays10: void doGet(javax.servlet.http.HttpServletRequest,javax.servlet.http.HttpServletResponse)>/javax.servlet.http.HttpServletRequest.getParameter/0
default	default	28	<securibench.micro.arrays.Arrays10: void doGet(javax.servlet.http.HttpServletRequest,javax.servlet.http.HttpServletResponse)>/java.io.PrintWriter.println/1	<securibench.micro.arrays.Arrays10: void doGet(javax.servlet.http.HttpServletRequest,javax.servlet.http.HttpServletResponse)>/javax.servlet.http.HttpServletRequest.getParameter/0
default	default	29	<securibench.micro.basic.Basic18: void doGet(javax.servlet.http.HttpServletRequest,javax.servlet.http.HttpServletResponse)>/java.io.PrintWriter.println/0	<securibench.micro.basic.Basic18: void doGet(javax.servlet.http.HttpServletRequest,javax.servlet.http.HttpServletResponse)>/javax.servlet.http.HttpServletRequest.getParameter/0
default	default	30	<securibench.micro.collections.Collections2: void doGet(javax.servlet.http.HttpServletRequest,javax.servlet.http.HttpServletResponse)>/java.io.PrintWriter.println/0	<securibench.micro.collections.Collections2: void doGet(javax.servlet.http.HttpServletRequest,javax.servlet.http.HttpServletResponse)>/javax.servlet.http.HttpServletRequest.getParameter/0
default	default	31	<securibench.micro.pred.Pred8: void doGet(javax.servlet.http.HttpServletRequest,javax.servlet.http.HttpServletResponse)>/java.io.PrintWriter.println/0	<securibench.micro.pred.Pred8: void doGet(javax.servlet.http.HttpServletRequest,javax.servlet.http.HttpServletResponse)>/javax.servlet.http.HttpServletRequest.getParameter/0
default	default	32	<securibench.micro.basic.Basic36: void doGet(javax.servlet.http.HttpServletRequest,javax.servlet.http.HttpServletResponse)>/java.io.PrintWriter.println/0	<securibench.micro.basic.Basic36: void doGet(javax.servlet.http.HttpServletRequest,javax.servlet.http.HttpServletResponse)>/java.io.BufferedReader.readLine/0
default	default	33	<securibench.micro.factories.Factories1: void doGet(javax.servlet.http.HttpServletRequest,javax.servlet.http.HttpServletResponse)>/java.io.PrintWriter.println/0	<securibench.micro.factories.Factories1: void doGet(javax.servlet.http.HttpServletRequest,javax.servlet.http.HttpServletResponse)>/javax.servlet.http.HttpServletRequest.getParameter/0
default	default	34	<securibench.micro.basic.Basic23: void doGet(javax.servlet.http.HttpServletRequest,javax.servlet.http.HttpServletResponse)>/java.io.FileWriter.<init>/0	<securibench.micro.basic.Basic23: void doGet(javax.servlet.http.HttpServletRequest,javax.servlet.http.HttpServletResponse)>/javax.servlet.http.HttpServletRequest.getParameter/0
default	default	34	<securibench.micro.basic.Basic23: void doGet(javax.servlet.http.HttpServletRequest,javax.servlet.http.HttpServletResponse)>/java.io.FileWriter.<init>/1	<securibench.micro.basic.Basic23: void doGet(javax.servlet.http.HttpServletRequest,javax.servlet.http.HttpServletResponse)>/javax.servlet.http.HttpServletRequest.getParameter/0
default	default	34	<securibench.micro.basic.Basic23: void doGet(javax.servlet.http.HttpServletRequest,javax.servlet.http.HttpServletResponse)>/java.io.FileInputStream.<init>/0	<securibench.micro.basic.Basic23: void doGet(javax.servlet.http.HttpServletRequest,javax.servlet.http.HttpServletResponse)>/javax.servlet.http.HttpServletRequest.getParameter/0
default	default	35	<securibench.micro.aliasing.Aliasing1: void doGet(javax.servlet.http.HttpServletRequest,javax.servlet.http.HttpServletResponse)>/java.io.PrintWriter.println/0	<securibench.micro.aliasing.Aliasing1: void doGet(javax.servlet.http.HttpServletRequest,javax.servlet.http.HttpServletResponse)>/javax.servlet.http.HttpServletRequest.getParameter/0
default	default	39	<securibench.micro.collections.Collections3: void doGet(javax.servlet.http.HttpServletRequest,javax.servlet.http.HttpServletResponse)>/java.io.PrintWriter.println/1	<securibench.micro.collections.Collections3: void doGet(javax.servlet.http.HttpServletRequest,javax.servlet.http.HttpServletResponse)>/javax.servlet.http.HttpServletRequest.getParameter/0
default	default	40	<securibench.micro.collections.Collections12: void doGet(javax.servlet.http.HttpServletRequest,javax.servlet.http.HttpServletResponse)>/java.io.PrintWriter.println/0	<securibench.micro.collections.Collections12: void doGet(javax.servlet.http.HttpServletRequest,javax.servlet.http.HttpServletResponse)>/javax.servlet.http.HttpServletRequest.getParameter/0
default	default	41	<securibench.micro.basic.Basic16: void doGet(javax.servlet.http.HttpServletRequest,javax.servlet.http.HttpServletResponse)>/java.io.PrintWriter.println/0	<securibench.micro.basic.Basic16: void doGet(javax.servlet.http.HttpServletRequest,javax.servlet.http.HttpServletResponse)>/javax.servlet.http.HttpServletRequest.getParameter/0
default	default	42	<securibench.micro.basic.Basic30: void doGet(javax.servlet.http.HttpServletRequest,javax.servlet.http.HttpServletResponse)>/java.io.PrintWriter.println/1	<securibench.micro.basic.Basic30: void doGet(javax.servlet.http.HttpServletRequest,javax.servlet.http.HttpServletResponse)>/javax.servlet.http.HttpServletRequest.getParameter/0
default	default	43	<securibench.micro.basic.Basic39: void doGet(javax.servlet.http.HttpServletRequest,javax.servlet.http.HttpServletResponse)>/java.io.PrintWriter.println/0	<securibench.micro.basic.Basic39: void doGet(javax.servlet.http.HttpServletRequest,javax.servlet.http.HttpServletResponse)>/javax.servlet.http.HttpServletRequest.getParameter/0
default	default	44	<securibench.micro.collections.Collections5: void doGet(javax.servlet.http.HttpServletRequest,javax.servlet.http.HttpServletResponse)>/java.io.PrintWriter.println/0	<securibench.micro.collections.Collections5: void doGet(javax.servlet.http.HttpServletRequest,javax.servlet.http.HttpServletResponse)>/javax.servlet.http.HttpServletRequest.getParameter/0
default	default	45	<securibench.micro.basic.Basic35: void doGet(javax.servlet.http.HttpServletRequest,javax.servlet.http.HttpServletResponse)>/java.io.PrintWriter.println/0	<securibench.micro.basic.Basic35: void doGet(javax.servlet.http.HttpServletRequest,javax.servlet.http.HttpServletResponse)>/javax.servlet.http.HttpServletRequest.getProtocol/0
default	default	45	<securibench.micro.basic.Basic35: void doGet(javax.servlet.http.HttpServletRequest,javax.servlet.http.HttpServletResponse)>/java.io.PrintWriter.println/1	<securibench.micro.basic.Basic35: void doGet(javax.servlet.http.HttpServletRequest,javax.servlet.http.HttpServletResponse)>/javax.servlet.http.HttpServletRequest.getScheme/0
default	default	45	<securibench.micro.basic.Basic35: void doGet(javax.servlet.http.HttpServletRequest,javax.servlet.http.HttpServletResponse)>/java.io.PrintWriter.println/2	<securibench.micro.basic.Basic35: void doGet(javax.servlet.http.HttpServletRequest,javax.servlet.http.HttpServletResponse)>/javax.servlet.http.HttpServletRequest.getAuthType/0
default	default	45	<securibench.micro.basic.Basic35: void doGet(javax.servlet.http.HttpServletRequest,javax.servlet.http.HttpServletResponse)>/java.io.PrintWriter.println/3	<securibench.micro.basic.Basic35: void doGet(javax.servlet.http.HttpServletRequest,javax.servlet.http.HttpServletResponse)>/javax.servlet.http.HttpServletRequest.getQueryString/0
default	default	45	<securibench.micro.basic.Basic35: void doGet(javax.servlet.http.HttpServletRequest,javax.servlet.http.HttpServletResponse)>/java.io.PrintWriter.println/4	<securibench.micro.basic.Basic35: void doGet(javax.servlet.http.HttpServletRequest,javax.servlet.http.HttpServletResponse)>/javax.servlet.http.HttpServletRequest.getRemoteUser/0
default	default	45	<securibench.micro.basic.Basic35: void doGet(javax.servlet.http.HttpServletRequest,javax.servlet.http.HttpServletResponse)>/java.io.PrintWriter.println/5	<securibench.micro.basic.Basic35: void doGet(javax.servlet.http.HttpServletRequest,javax.servlet.http.HttpServletResponse)>/javax.servlet.http.HttpServletRequest.getRequestURL/0
default	default	47	<securibench.micro.collections.Collections7: void doGet(javax.servlet.http.HttpServletRequest,javax.servlet.http.HttpServletResponse)>/java.io.PrintWriter.println/1	<securibench.micro.collections.Collections7: void doGet(javax.servlet.http.HttpServletRequest,javax.servlet.http.HttpServletResponse)>/javax.servlet.http.HttpServletRequest.getParameter/0
default	default	47	<securibench.micro.collections.Collections7: void doGet(javax.servlet.http.HttpServletRequest,javax.servlet.http.HttpServletResponse)>/java.io.PrintWriter.println/1	<securibench.micro.collections.Collections6: void doGet(javax.servlet.http.HttpServletRequest,javax.servlet.http.HttpServletResponse)>/javax.servlet.http.HttpServletRequest.getParameter/0
default	default	49	<securibench.micro.factories.Factories2: void doGet(javax.servlet.http.HttpServletRequest,javax.servlet.http.HttpServletResponse)>/java.io.PrintWriter.println/0	<securibench.micro.factories.Factories2: void doGet(javax.servlet.http.HttpServletRequest,javax.servlet.http.HttpServletResponse)>/javax.servlet.http.HttpServletRequest.getParameter/0
default	default	51	<securibench.micro.basic.Basic10: void doGet(javax.servlet.http.HttpServletRequest,javax.servlet.http.HttpServletResponse)>/java.io.PrintWriter.println/0	<securibench.micro.basic.Basic37: void doGet(javax.servlet.http.HttpServletRequest,javax.servlet.http.HttpServletResponse)>/javax.servlet.http.HttpServletRequest.getParameter/0
default	default	51	<securibench.micro.basic.Basic10: void doGet(javax.servlet.http.HttpServletRequest,javax.servlet.http.HttpServletResponse)>/java.io.PrintWriter.println/0	<securibench.micro.aliasing.Aliasing4: void doGet(javax.servlet.http.HttpServletRequest,javax.servlet.http.HttpServletResponse)>/javax.servlet.http.HttpServletRequest.getParameter/0
default	default	51	<securibench.micro.basic.Basic10: void doGet(javax.servlet.http.HttpServletRequest,javax.servlet.http.HttpServletResponse)>/java.io.PrintWriter.println/0	<securibench.micro.inter.Inter10: void doGet(javax.servlet.http.HttpServletRequest,javax.servlet.http.HttpServletResponse)>/javax.servlet.http.HttpServletRequest.getParameter/0
default	default	51	<securibench.micro.basic.Basic10: void doGet(javax.servlet.http.HttpServletRequest,javax.servlet.http.HttpServletResponse)>/java.io.PrintWriter.println/0	<securibench.micro.basic.Basic23: void doGet(javax.servlet.http.HttpServletRequest,javax.servlet.http.HttpServletResponse)>/javax.servlet.http.HttpServletRequest.getParameter/0
default	default	51	<securibench.micro.basic.Basic10: void doGet(javax.servlet.http.HttpServletRequest,javax.servlet.http.HttpServletResponse)>/java.io.PrintWriter.println/0	<securibench.micro.basic.Basic39: void doGet(javax.servlet.http.HttpServletRequest,javax.servlet.http.HttpServletResponse)>/javax.servlet.http.HttpServletRequest.getParameter/0
default	default	51	<securibench.micro.basic.Basic10: void doGet(javax.servlet.http.HttpServletRequest,javax.servlet.http.HttpServletResponse)>/java.io.PrintWriter.println/0	<securibench.micro.sanitizers.Sanitizers4: void doGet(javax.servlet.http.HttpServletRequest,javax.servlet.http.HttpServletResponse)>/javax.servlet.http.HttpServletRequest.getParameter/0
default	default	51	<securibench.micro.basic.Basic10: void doGet(javax.servlet.http.HttpServletRequest,javax.servlet.http.HttpServletResponse)>/java.io.PrintWriter.println/0	<securibench.micro.aliasing.Aliasing5: void foo(java.lang.StringBuffer,java.lang.StringBuffer,javax.servlet.ServletResponse,javax.servlet.ServletRequest)>/javax.servlet.ServletRequest.getParameter/0
default	default	51	<securibench.micro.basic.Basic10: void doGet(javax.servlet.http.HttpServletRequest,javax.servlet.http.HttpServletResponse)>/java.io.PrintWriter.println/0	<securibench.micro.basic.Basic10: void doGet(javax.servlet.http.HttpServletRequest,javax.servlet.http.HttpServletResponse)>/javax.servlet.http.HttpServletRequest.getParameter/0
default	default	51	<securibench.micro.basic.Basic10: void doGet(javax.servlet.http.HttpServletRequest,javax.servlet.http.HttpServletResponse)>/java.io.PrintWriter.println/0	<securibench.micro.collections.Collections11: void doGet(javax.servlet.http.HttpServletRequest,javax.servlet.http.HttpServletResponse)>/javax.servlet.http.HttpServletRequest.getParameter/0
default	default	51	<securibench.micro.basic.Basic10: void doGet(javax.servlet.http.HttpServletRequest,javax.servlet.http.HttpServletResponse)>/java.io.PrintWriter.println/0	<securibench.micro.basic.Basic6: void doGet(javax.servlet.http.HttpServletRequest,javax.servlet.http.HttpServletResponse)>/javax.servlet.http.HttpServletRequest.getParameter/0
default	default	51	<securibench.micro.basic.Basic10: void doGet(javax.servlet.http.HttpServletRequest,javax.servlet.http.HttpServletResponse)>/java.io.PrintWriter.println/0	<securibench.micro.basic.Basic5: void doGet(javax.servlet.http.HttpServletRequest,javax.servlet.http.HttpServletResponse)>/javax.servlet.http.HttpServletRequest.getParameter/0
default	default	51	<securibench.micro.basic.Basic10: void doGet(javax.servlet.http.HttpServletRequest,javax.servlet.http.HttpServletResponse)>/java.io.PrintWriter.println/0	<securibench.micro.basic.Basic38: void doGet(javax.servlet.http.HttpServletRequest,javax.servlet.http.HttpServletResponse)>/javax.servlet.http.HttpServletRequest.getParameter/0
default	default	51	<securibench.micro.basic.Basic10: void doGet(javax.servlet.http.HttpServletRequest,javax.servlet.http.HttpServletResponse)>/java.io.PrintWriter.println/0	<securibench.micro.basic.Basic22: void doGet(javax.servlet.http.HttpServletRequest,javax.servlet.http.HttpServletResponse)>/javax.servlet.http.HttpServletRequest.getParameter/0
default	default	51	<securibench.micro.basic.Basic10: void doGet(javax.servlet.http.HttpServletRequest,javax.servlet.http.HttpServletResponse)>/java.io.PrintWriter.println/0	<securibench.micro.inter.Inter3: void doGet(javax.servlet.http.HttpServletRequest,javax.servlet.http.HttpServletResponse)>/javax.servlet.http.HttpServletRequest.getParameter/0
default	default	51	<securibench.micro.basic.Basic10: void doGet(javax.servlet.http.HttpServletRequest,javax.servlet.http.HttpServletResponse)>/java.io.PrintWriter.println/0	<securibench.micro.basic.Basic7: void doGet(javax.servlet.http.HttpServletRequest,javax.servlet.http.HttpServletResponse)>/javax.servlet.http.HttpServletRequest.getParameter/0
default	default	52	<securibench.micro.pred.Pred5: void doGet(javax.servlet.http.HttpServletRequest,javax.servlet.http.HttpServletResponse)>/java.io.PrintWriter.println/0	<securibench.micro.pred.Pred5: void doGet(javax.servlet.http.HttpServletRequest,javax.servlet.http.HttpServletResponse)>/javax.servlet.http.HttpServletRequest.getParameter/0
default	default	53	<securibench.micro.pred.Pred4: void doGet(javax.servlet.http.HttpServletRequest,javax.servlet.http.HttpServletResponse)>/java.io.PrintWriter.println/0	<securibench.micro.pred.Pred4: void doGet(javax.servlet.http.HttpServletRequest,javax.servlet.http.HttpServletResponse)>/javax.servlet.http.HttpServletRequest.getParameter/0
default	default	54	<securibench.micro.pred.Pred9: void doGet(javax.servlet.http.HttpServletRequest,javax.servlet.http.HttpServletResponse)>/java.io.PrintWriter.println/0	<securibench.micro.pred.Pred9: void doGet(javax.servlet.http.HttpServletRequest,javax.servlet.http.HttpServletResponse)>/javax.servlet.http.HttpServletRequest.getParameter/0
default	default	55	<securibench.micro.inter.Inter12: void doGet(javax.servlet.http.HttpServletRequest,javax.servlet.http.HttpServletResponse)>/java.io.PrintWriter.println/0	<securibench.micro.inter.Inter12: void doGet(javax.servlet.http.HttpServletRequest,javax.servlet.http.HttpServletResponse)>/javax.servlet.http.HttpServletRequest.getParameter/0
default	default	56	<securibench.micro.pred.Pred2: void doGet(javax.servlet.http.HttpServletRequest,javax.servlet.http.HttpServletResponse)>/java.io.PrintWriter.println/0	<securibench.micro.pred.Pred2: void doGet(javax.servlet.http.HttpServletRequest,javax.servlet.http.HttpServletResponse)>/javax.servlet.http.HttpServletRequest.getParameter/0
default	default	57	<securibench.micro.strong_updates.StrongUpdates4: void doGet(javax.servlet.http.HttpServletRequest,javax.servlet.http.HttpServletResponse)>/java.io.PrintWriter.println/0	<securibench.micro.strong_updates.StrongUpdates4: void doGet(javax.servlet.http.HttpServletRequest,javax.servlet.http.HttpServletResponse)>/javax.servlet.http.HttpServletRequest.getParameter/0
default	default	58	<securibench.micro.aliasing.Aliasing6: void doGet(javax.servlet.http.HttpServletRequest,javax.servlet.http.HttpServletResponse)>/java.io.PrintWriter.println/0	<securibench.micro.aliasing.Aliasing6: void doGet(javax.servlet.http.HttpServletRequest,javax.servlet.http.HttpServletResponse)>/javax.servlet.http.HttpServletRequest.getParameterValues/0
default	default	58	<securibench.micro.aliasing.Aliasing6: void doGet(javax.servlet.http.HttpServletRequest,javax.servlet.http.HttpServletResponse)>/java.io.PrintWriter.println/1	<securibench.micro.aliasing.Aliasing6: void doGet(javax.servlet.http.HttpServletRequest,javax.servlet.http.HttpServletResponse)>/javax.servlet.http.HttpServletRequest.getParameterValues/0
default	default	58	<securibench.micro.aliasing.Aliasing6: void doGet(javax.servlet.http.HttpServletRequest,javax.servlet.http.HttpServletResponse)>/java.io.PrintWriter.println/2	<securibench.micro.aliasing.Aliasing6: void doGet(javax.servlet.http.HttpServletRequest,javax.servlet.http.HttpServletResponse)>/javax.servlet.http.HttpServletRequest.getParameterValues/0
default	default	58	<securibench.micro.aliasing.Aliasing6: void doGet(javax.servlet.http.HttpServletRequest,javax.servlet.http.HttpServletResponse)>/java.io.PrintWriter.println/3	<securibench.micro.aliasing.Aliasing6: void doGet(javax.servlet.http.HttpServletRequest,javax.servlet.http.HttpServletResponse)>/javax.servlet.http.HttpServletRequest.getParameterValues/0
default	default	58	<securibench.micro.aliasing.Aliasing6: void doGet(javax.servlet.http.HttpServletRequest,javax.servlet.http.HttpServletResponse)>/java.io.PrintWriter.println/4	<securibench.micro.aliasing.Aliasing6: void doGet(javax.servlet.http.HttpServletRequest,javax.servlet.http.HttpServletResponse)>/javax.servlet.http.HttpServletRequest.getParameterValues/0
default	default	58	<securibench.micro.aliasing.Aliasing6: void doGet(javax.servlet.http.HttpServletRequest,javax.servlet.http.HttpServletResponse)>/java.io.PrintWriter.println/5	<securibench.micro.aliasing.Aliasing6: void doGet(javax.servlet.http.HttpServletRequest,javax.servlet.http.HttpServletResponse)>/javax.servlet.http.HttpServletRequest.getParameterValues/0
default	default	58	<securibench.micro.aliasing.Aliasing6: void doGet(javax.servlet.http.HttpServletRequest,javax.servlet.http.HttpServletResponse)>/java.io.PrintWriter.println/6	<securibench.micro.aliasing.Aliasing6: void doGet(javax.servlet.http.HttpServletRequest,javax.servlet.http.HttpServletResponse)>/javax.servlet.http.HttpServletRequest.getParameterValues/0
default	default	59	<securibench.micro.factories.Factories3: void doGet(javax.servlet.http.HttpServletRequest,javax.servlet.http.HttpServletResponse)>/java.io.PrintWriter.println/0	<securibench.micro.factories.Factories3: void doGet(javax.servlet.http.HttpServletRequest,javax.servlet.http.HttpServletResponse)>/javax.servlet.http.HttpServletRequest.getParameter/0
default	default	61	<securibench.micro.pred.Pred3: void doGet(javax.servlet.http.HttpServletRequest,javax.servlet.http.HttpServletResponse)>/java.io.PrintWriter.println/0	<securibench.micro.pred.Pred3: void doGet(javax.servlet.http.HttpServletRequest,javax.servlet.http.HttpServletResponse)>/javax.servlet.http.HttpServletRequest.getParameter/0
default	default	62	<securibench.micro.arrays.Arrays5: void doGet(javax.servlet.http.HttpServletRequest,javax.servlet.http.HttpServletResponse)>/java.io.PrintWriter.println/0	<securibench.micro.arrays.Arrays5: void doGet(javax.servlet.http.HttpServletRequest,javax.servlet.http.HttpServletResponse)>/javax.servlet.http.HttpServletRequest.getParameter/0
default	default	64	<securibench.micro.collections.Collections4: void doGet(javax.servlet.http.HttpServletRequest,javax.servlet.http.HttpServletResponse)>/java.io.PrintWriter.println/0	<securibench.micro.collections.Collections4: void doGet(javax.servlet.http.HttpServletRequest,javax.servlet.http.HttpServletResponse)>/javax.servlet.http.HttpServletRequest.getParameter/0
default	default	66	<securibench.micro.arrays.Arrays6: void doGet(javax.servlet.http.HttpServletRequest,javax.servlet.http.HttpServletResponse)>/java.io.PrintWriter.println/0	<securibench.micro.arrays.Arrays6: void doGet(javax.servlet.http.HttpServletRequest,javax.servlet.http.HttpServletResponse)>/javax.servlet.http.HttpServletRequest.getParameter/0
default	default	67	<securibench.micro.inter.Inter8: void doGet(javax.servlet.http.HttpServletRequest,javax.servlet.http.HttpServletResponse)>/java.io.PrintWriter.println/0	<securibench.micro.inter.Inter8: void doGet(javax.servlet.http.HttpServletRequest,javax.servlet.http.HttpServletResponse)>/javax.servlet.http.HttpServletRequest.getParameter/0
default	default	67	<securibench.micro.inter.Inter8: void doGet(javax.servlet.http.HttpServletRequest,javax.servlet.http.HttpServletResponse)>/java.io.PrintWriter.println/1	<securibench.micro.inter.Inter8: void doGet(javax.servlet.http.HttpServletRequest,javax.servlet.http.HttpServletResponse)>/javax.servlet.http.HttpServletRequest.getParameter/0
default	default	69	<securibench.micro.pred.Pred6: void doGet(javax.servlet.http.HttpServletRequest,javax.servlet.http.HttpServletResponse)>/java.io.PrintWriter.println/0	<securibench.micro.pred.Pred6: void doGet(javax.servlet.http.HttpServletRequest,javax.servlet.http.HttpServletResponse)>/javax.servlet.http.HttpServletRequest.getParameter/0
default	default	70	<securibench.micro.collections.Collections14: void doGet(javax.servlet.http.HttpServletRequest,javax.servlet.http.HttpServletResponse)>/java.io.PrintWriter.println/0	<securibench.micro.collections.Collections14: void doGet(javax.servlet.http.HttpServletRequest,javax.servlet.http.HttpServletResponse)>/javax.servlet.http.HttpServletRequest.getParameter/0
default	default	71	<securibench.micro.collections.Collections13: void doGet(javax.servlet.http.HttpServletRequest,javax.servlet.http.HttpServletResponse)>/java.io.PrintWriter.println/0	<securibench.micro.collections.Collections13: void doGet(javax.servlet.http.HttpServletRequest,javax.servlet.http.HttpServletResponse)>/javax.servlet.http.HttpServletRequest.getParameter/0
default	default	71	<securibench.micro.collections.Collections13: void doGet(javax.servlet.http.HttpServletRequest,javax.servlet.http.HttpServletResponse)>/java.io.PrintWriter.println/1	<securibench.micro.collections.Collections13: void doGet(javax.servlet.http.HttpServletRequest,javax.servlet.http.HttpServletResponse)>/javax.servlet.http.HttpServletRequest.getParameter/0
default	default	71	<securibench.micro.collections.Collections13: void doGet(javax.servlet.http.HttpServletRequest,javax.servlet.http.HttpServletResponse)>/java.io.PrintWriter.println/2	<securibench.micro.collections.Collections13: void doGet(javax.servlet.http.HttpServletRequest,javax.servlet.http.HttpServletResponse)>/javax.servlet.http.HttpServletRequest.getParameter/0
default	default	72	<securibench.micro.arrays.Arrays1: void doGet(javax.servlet.http.HttpServletRequest,javax.servlet.http.HttpServletResponse)>/java.io.PrintWriter.println/0	<securibench.micro.arrays.Arrays1: void doGet(javax.servlet.http.HttpServletRequest,javax.servlet.http.HttpServletResponse)>/javax.servlet.http.HttpServletRequest.getParameter/0
default	default	75	<securibench.micro.basic.Basic31: void doGet(javax.servlet.http.HttpServletRequest,javax.servlet.http.HttpServletResponse)>/java.io.PrintWriter.println/0	<securibench.micro.basic.Basic31: void doGet(javax.servlet.http.HttpServletRequest,javax.servlet.http.HttpServletResponse)>/javax.servlet.http.Cookie.getName/0
default	default	75	<securibench.micro.basic.Basic31: void doGet(javax.servlet.http.HttpServletRequest,javax.servlet.http.HttpServletResponse)>/java.io.PrintWriter.println/1	<securibench.micro.basic.Basic31: void doGet(javax.servlet.http.HttpServletRequest,javax.servlet.http.HttpServletResponse)>/javax.servlet.http.Cookie.getValue/0
default	default	75	<securibench.micro.basic.Basic31: void doGet(javax.servlet.http.HttpServletRequest,javax.servlet.http.HttpServletResponse)>/java.io.PrintWriter.println/2	<securibench.micro.basic.Basic31: void doGet(javax.servlet.http.HttpServletRequest,javax.servlet.http.HttpServletResponse)>/javax.servlet.http.Cookie.getComment/0
default	default	77	<securibench.micro.arrays.Arrays8: void doGet(javax.servlet.http.HttpServletRequest,javax.servlet.http.HttpServletResponse)>/java.io.PrintWriter.println/0	<securibench.micro.arrays.Arrays8: void doGet(javax.servlet.http.HttpServletRequest,javax.servlet.http.HttpServletResponse)>/javax.servlet.http.HttpServletRequest.getParameter/0
default	default	77	<securibench.micro.arrays.Arrays8: void doGet(javax.servlet.http.HttpServletRequest,javax.servlet.http.HttpServletResponse)>/java.io.PrintWriter.println/1	<securibench.micro.arrays.Arrays8: void doGet(javax.servlet.http.HttpServletRequest,javax.servlet.http.HttpServletResponse)>/javax.servlet.http.HttpServletRequest.getParameter/0
default	default	79	<securibench.micro.basic.Basic5: void doGet(javax.servlet.http.HttpServletRequest,javax.servlet.http.HttpServletResponse)>/java.io.PrintWriter.println/0	<securibench.micro.basic.Basic5: void doGet(javax.servlet.http.HttpServletRequest,javax.servlet.http.HttpServletResponse)>/javax.servlet.http.HttpServletRequest.getParameter/0
default	default	79	<securibench.micro.basic.Basic5: void doGet(javax.servlet.http.HttpServletRequest,javax.servlet.http.HttpServletResponse)>/java.io.PrintWriter.println/1	<securibench.micro.basic.Basic5: void doGet(javax.servlet.http.HttpServletRequest,javax.servlet.http.HttpServletResponse)>/javax.servlet.http.HttpServletRequest.getParameter/0
default	default	79	<securibench.micro.basic.Basic5: void doGet(javax.servlet.http.HttpServletRequest,javax.servlet.http.HttpServletResponse)>/java.io.PrintWriter.println/2	<securibench.micro.basic.Basic5: void doGet(javax.servlet.http.HttpServletRequest,javax.servlet.http.HttpServletResponse)>/javax.servlet.http.HttpServletRequest.getParameter/0
default	default	80	<securibench.micro.basic.Basic28: void doGet(javax.servlet.http.HttpServletRequest,javax.servlet.http.HttpServletResponse)>/java.io.PrintWriter.println/0	<securibench.micro.basic.Basic28: void doGet(javax.servlet.http.HttpServletRequest,javax.servlet.http.HttpServletResponse)>/javax.servlet.http.HttpServletRequest.getParameter/0
default	default	80	<securibench.micro.basic.Basic28: void doGet(javax.servlet.http.HttpServletRequest,javax.servlet.http.HttpServletResponse)>/java.io.PrintWriter.println/1	<securibench.micro.basic.Basic28: void doGet(javax.servlet.http.HttpServletRequest,javax.servlet.http.HttpServletResponse)>/javax.servlet.http.HttpServletRequest.getParameter/0
default	default	81	<securibench.micro.inter.Inter1: void doGet(javax.servlet.http.HttpServletRequest,javax.servlet.http.HttpServletResponse)>/java.io.PrintWriter.println/0	<securibench.micro.inter.Inter1: void doGet(javax.servlet.http.HttpServletRequest,javax.servlet.http.HttpServletResponse)>/javax.servlet.http.HttpServletRequest.getParameter/0
default	default	81	<securibench.micro.inter.Inter1: void doGet(javax.servlet.http.HttpServletRequest,javax.servlet.http.HttpServletResponse)>/java.io.PrintWriter.println/1	<securibench.micro.inter.Inter1: void doGet(javax.servlet.http.HttpServletRequest,javax.servlet.http.HttpServletResponse)>/javax.servlet.http.HttpServletRequest.getParameter/0
default	default	83	<securibench.micro.session.Session1: void doGet(javax.servlet.http.HttpServletRequest,javax.servlet.http.HttpServletResponse)>/java.io.PrintWriter.println/0	<securibench.micro.session.Session1: void doGet(javax.servlet.http.HttpServletRequest,javax.servlet.http.HttpServletResponse)>/javax.servlet.http.HttpSession.getAttribute/0
default	default	84	<securibench.micro.inter.Inter11: void doGet(javax.servlet.http.HttpServletRequest,javax.servlet.http.HttpServletResponse)>/java.io.PrintWriter.println/0	<securibench.micro.inter.Inter11: void doGet(javax.servlet.http.HttpServletRequest,javax.servlet.http.HttpServletResponse)>/javax.servlet.http.HttpServletRequest.getParameter/0
default	default	84	<securibench.micro.inter.Inter11: void doGet(javax.servlet.http.HttpServletRequest,javax.servlet.http.HttpServletResponse)>/java.io.PrintWriter.println/1	<securibench.micro.inter.Inter11: void doGet(javax.servlet.http.HttpServletRequest,javax.servlet.http.HttpServletResponse)>/javax.servlet.http.HttpServletRequest.getParameter/0
default	default	85	<securibench.micro.basic.Basic17: void doGet(javax.servlet.http.HttpServletRequest,javax.servlet.http.HttpServletResponse)>/java.io.PrintWriter.println/0	<securibench.micro.basic.Basic17: void doGet(javax.servlet.http.HttpServletRequest,javax.servlet.http.HttpServletResponse)>/javax.servlet.http.HttpServletRequest.getParameter/0
default	default	86	<securibench.micro.inter.Inter9: void doGet(javax.servlet.http.HttpServletRequest,javax.servlet.http.HttpServletResponse)>/java.io.PrintWriter.println/0	<securibench.micro.inter.Inter9: void doGet(javax.servlet.http.HttpServletRequest,javax.servlet.http.HttpServletResponse)>/javax.servlet.http.HttpServletRequest.getParameter/0
default	default	86	<securibench.micro.inter.Inter9: void doGet(javax.servlet.http.HttpServletRequest,javax.servlet.http.HttpServletResponse)>/java.io.PrintWriter.println/1	<securibench.micro.inter.Inter9: void doGet(javax.servlet.http.HttpServletRequest,javax.servlet.http.HttpServletResponse)>/javax.servlet.http.HttpServletRequest.getParameter/0
default	default	86	<securibench.micro.inter.Inter9: void doGet(javax.servlet.http.HttpServletRequest,javax.servlet.http.HttpServletResponse)>/java.io.PrintWriter.println/2	<securibench.micro.inter.Inter9: void doGet(javax.servlet.http.HttpServletRequest,javax.servlet.http.HttpServletResponse)>/javax.servlet.http.HttpServletRequest.getParameter/0
default	default	86	<securibench.micro.inter.Inter9: void doGet(javax.servlet.http.HttpServletRequest,javax.servlet.http.HttpServletResponse)>/java.io.PrintWriter.println/3	<securibench.micro.inter.Inter9: void doGet(javax.servlet.http.HttpServletRequest,javax.servlet.http.HttpServletResponse)>/javax.servlet.http.HttpServletRequest.getParameter/0
default	default	89	<securibench.micro.session.Session2: void doGet(javax.servlet.http.HttpServletRequest,javax.servlet.http.HttpServletResponse)>/java.io.PrintWriter.println/0	<securibench.micro.session.Session2: void doGet(javax.servlet.http.HttpServletRequest,javax.servlet.http.HttpServletResponse)>/javax.servlet.http.HttpSession.getAttribute/0
default	default	89	<securibench.micro.session.Session2: void doGet(javax.servlet.http.HttpServletRequest,javax.servlet.http.HttpServletResponse)>/java.io.PrintWriter.println/1	<securibench.micro.session.Session2: void doGet(javax.servlet.http.HttpServletRequest,javax.servlet.http.HttpServletResponse)>/javax.servlet.http.HttpSession.getAttribute/1
default	default	90	<securibench.micro.basic.Basic14: void doGet(javax.servlet.http.HttpServletRequest,javax.servlet.http.HttpServletResponse)>/java.io.PrintWriter.println/0	<securibench.micro.basic.Basic14: void doGet(javax.servlet.http.HttpServletRequest,javax.servlet.http.HttpServletResponse)>/javax.servlet.ServletConfig.getInitParameterNames/0
default	default	93	<securibench.micro.aliasing.Aliasing3: void doGet(javax.servlet.http.HttpServletRequest,javax.servlet.http.HttpServletResponse)>/java.io.PrintWriter.println/0	<securibench.micro.aliasing.Aliasing3: void doGet(javax.servlet.http.HttpServletRequest,javax.servlet.http.HttpServletResponse)>/javax.servlet.http.HttpServletRequest.getParameter/0
default	default	94	<securibench.micro.strong_updates.StrongUpdates3: void doGet(javax.servlet.http.HttpServletRequest,javax.servlet.http.HttpServletResponse)>/java.io.PrintWriter.println/0	<securibench.micro.strong_updates.StrongUpdates3: void doGet(javax.servlet.http.HttpServletRequest,javax.servlet.http.HttpServletResponse)>/javax.servlet.http.HttpServletRequest.getParameter/0
default	default	96	<securibench.micro.basic.Basic1: void doGet(javax.servlet.http.HttpServletRequest,javax.servlet.http.HttpServletResponse)>/java.io.PrintWriter.println/0	<securibench.micro.basic.Basic1: void doGet(javax.servlet.http.HttpServletRequest,javax.servlet.http.HttpServletResponse)>/javax.servlet.http.HttpServletRequest.getParameter/0
default	default	97	<securibench.micro.collections.Collections6: void doGet(javax.servlet.http.HttpServletRequest,javax.servlet.http.HttpServletResponse)>/java.io.PrintWriter.println/0	<securibench.micro.collections.Collections7: void doGet(javax.servlet.http.HttpServletRequest,javax.servlet.http.HttpServletResponse)>/javax.servlet.http.HttpServletRequest.getParameter/0
default	default	97	<securibench.micro.collections.Collections6: void doGet(javax.servlet.http.HttpServletRequest,javax.servlet.http.HttpServletResponse)>/java.io.PrintWriter.println/0	<securibench.micro.collections.Collections6: void doGet(javax.servlet.http.HttpServletRequest,javax.servlet.http.HttpServletResponse)>/javax.servlet.http.HttpServletRequest.getParameter/0
default	default	97	<securibench.micro.collections.Collections6: void doGet(javax.servlet.http.HttpServletRequest,javax.servlet.http.HttpServletResponse)>/java.io.PrintWriter.println/1	<securibench.micro.collections.Collections7: void doGet(javax.servlet.http.HttpServletRequest,javax.servlet.http.HttpServletResponse)>/javax.servlet.http.HttpServletRequest.getParameter/0
default	default	97	<securibench.micro.collections.Collections6: void doGet(javax.servlet.http.HttpServletRequest,javax.servlet.http.HttpServletResponse)>/java.io.PrintWriter.println/1	<securibench.micro.collections.Collections6: void doGet(javax.servlet.http.HttpServletRequest,javax.servlet.http.HttpServletResponse)>/javax.servlet.http.HttpServletRequest.getParameter/0
default	default	98	<securibench.micro.arrays.Arrays2: void doGet(javax.servlet.http.HttpServletRequest,javax.servlet.http.HttpServletResponse)>/java.io.PrintWriter.println/0	<securibench.micro.arrays.Arrays2: void doGet(javax.servlet.http.HttpServletRequest,javax.servlet.http.HttpServletResponse)>/javax.servlet.http.HttpServletRequest.getParameter/0
default	default	98	<securibench.micro.arrays.Arrays2: void doGet(javax.servlet.http.HttpServletRequest,javax.servlet.http.HttpServletResponse)>/java.io.PrintWriter.println/1	<securibench.micro.arrays.Arrays2: void doGet(javax.servlet.http.HttpServletRequest,javax.servlet.http.HttpServletResponse)>/javax.servlet.http.HttpServletRequest.getParameter/0
default	default	98	<securibench.micro.arrays.Arrays2: void doGet(javax.servlet.http.HttpServletRequest,javax.servlet.http.HttpServletResponse)>/java.io.PrintWriter.println/2	<securibench.micro.arrays.Arrays2: void doGet(javax.servlet.http.HttpServletRequest,javax.servlet.http.HttpServletResponse)>/javax.servlet.http.HttpServletRequest.getParameter/0
default	default	99	<securibench.micro.basic.Basic8: void doGet(javax.servlet.http.HttpServletRequest,javax.servlet.http.HttpServletResponse)>/java.io.PrintWriter.println/0	<securibench.micro.basic.Basic8: void doGet(javax.servlet.http.HttpServletRequest,javax.servlet.http.HttpServletResponse)>/javax.servlet.http.HttpServletRequest.getParameter/0
default	default	100	<securibench.micro.basic.Basic38: void doGet(javax.servlet.http.HttpServletRequest,javax.servlet.http.HttpServletResponse)>/java.io.PrintWriter.println/0	<securibench.micro.basic.Basic38: void doGet(javax.servlet.http.HttpServletRequest,javax.servlet.http.HttpServletResponse)>/javax.servlet.http.HttpServletRequest.getParameter/0
default	default	101	<securibench.micro.basic.Basic22: void doGet(javax.servlet.http.HttpServletRequest,javax.servlet.http.HttpServletResponse)>/java.io.File.<init>/0	<securibench.micro.basic.Basic22: void doGet(javax.servlet.http.HttpServletRequest,javax.servlet.http.HttpServletResponse)>/javax.servlet.http.HttpServletRequest.getParameter/0
default	default	102	<securibench.micro.basic.Basic9: void doGet(javax.servlet.http.HttpServletRequest,javax.servlet.http.HttpServletResponse)>/java.io.PrintWriter.println/0	<securibench.micro.basic.Basic9: void doGet(javax.servlet.http.HttpServletRequest,javax.servlet.http.HttpServletResponse)>/javax.servlet.http.HttpServletRequest.getParameter/0
default	default	103	<securibench.micro.basic.Basic25: void doGet(javax.servlet.http.HttpServletRequest,javax.servlet.http.HttpServletResponse)>/java.io.PrintWriter.println/0	<securibench.micro.basic.Basic25: void doGet(javax.servlet.http.HttpServletRequest,javax.servlet.http.HttpServletResponse)>/javax.servlet.http.HttpServletRequest.getParameterValues/0
default	default	104	<securibench.micro.basic.Basic42: void doGet(javax.servlet.http.HttpServletRequest,javax.servlet.http.HttpServletResponse)>/java.io.PrintWriter.println/0	<securibench.micro.basic.Basic42: void doGet(javax.servlet.http.HttpServletRequest,javax.servlet.http.HttpServletResponse)>/javax.servlet.ServletContext.getInitParameter/0
default	default	105	<securibench.micro.basic.Basic41: void doGet(javax.servlet.http.HttpServletRequest,javax.servlet.http.HttpServletResponse)>/java.io.PrintWriter.println/0	<securibench.micro.basic.Basic41: void doGet(javax.servlet.http.HttpServletRequest,javax.servlet.http.HttpServletResponse)>/javax.servlet.ServletContext.getInitParameter/0
default	default	107	<securibench.micro.datastructures.Datastructures1: void doGet(javax.servlet.http.HttpServletRequest,javax.servlet.http.HttpServletResponse)>/java.io.PrintWriter.println/0	<securibench.micro.datastructures.Datastructures1: void doGet(javax.servlet.http.HttpServletRequest,javax.servlet.http.HttpServletResponse)>/javax.servlet.http.HttpServletRequest.getParameter/0
default	default	107	<securibench.micro.datastructures.Datastructures1: void doGet(javax.servlet.http.HttpServletRequest,javax.servlet.http.HttpServletResponse)>/java.io.PrintWriter.println/1	<securibench.micro.datastructures.Datastructures1: void doGet(javax.servlet.http.HttpServletRequest,javax.servlet.http.HttpServletResponse)>/javax.servlet.http.HttpServletRequest.getParameter/0
default	default	109	<securibench.micro.basic.Basic11: void doGet(javax.servlet.http.HttpServletRequest,javax.servlet.http.HttpServletResponse)>/java.io.PrintWriter.println/0	<securibench.micro.basic.Basic11: void doGet(javax.servlet.http.HttpServletRequest,javax.servlet.http.HttpServletResponse)>/javax.servlet.http.HttpServletRequest.getParameter/0
default	default	111	<securibench.micro.basic.Basic33: void doGet(javax.servlet.http.HttpServletRequest,javax.servlet.http.HttpServletResponse)>/java.io.PrintWriter.println/0	<securibench.micro.basic.Basic33: void doGet(javax.servlet.http.HttpServletRequest,javax.servlet.http.HttpServletResponse)>/javax.servlet.http.HttpServletRequest.getHeaders/0
default	default	112	<securibench.micro.basic.Basic34: void doGet(javax.servlet.http.HttpServletRequest,javax.servlet.http.HttpServletResponse)>/java.io.PrintWriter.println/0	<securibench.micro.basic.Basic34: void doGet(javax.servlet.http.HttpServletRequest,javax.servlet.http.HttpServletResponse)>/javax.servlet.http.HttpServletRequest.getHeaderNames/0
default	default	112	<securibench.micro.basic.Basic34: void doGet(javax.servlet.http.HttpServletRequest,javax.servlet.http.HttpServletResponse)>/java.io.PrintWriter.println/1	<securibench.micro.basic.Basic34: void doGet(javax.servlet.http.HttpServletRequest,javax.servlet.http.HttpServletResponse)>/javax.servlet.http.HttpServletRequest.getHeader/0
default	default	114	<securibench.micro.basic.Basic26: void doGet(javax.servlet.http.HttpServletRequest,javax.servlet.http.HttpServletResponse)>/java.io.PrintWriter.println/0	<securibench.micro.basic.Basic26: void doGet(javax.servlet.http.HttpServletRequest,javax.servlet.http.HttpServletResponse)>/javax.servlet.http.HttpServletRequest.getParameterMap/0
default	default	115	<securibench.micro.basic.Basic7: void doGet(javax.servlet.http.HttpServletRequest,javax.servlet.http.HttpServletResponse)>/java.io.PrintWriter.println/0	<securibench.micro.basic.Basic37: void doGet(javax.servlet.http.HttpServletRequest,javax.servlet.http.HttpServletResponse)>/javax.servlet.http.HttpServletRequest.getParameter/0
default	default	115	<securibench.micro.basic.Basic7: void doGet(javax.servlet.http.HttpServletRequest,javax.servlet.http.HttpServletResponse)>/java.io.PrintWriter.println/0	<securibench.micro.aliasing.Aliasing4: void doGet(javax.servlet.http.HttpServletRequest,javax.servlet.http.HttpServletResponse)>/javax.servlet.http.HttpServletRequest.getParameter/0
default	default	115	<securibench.micro.basic.Basic7: void doGet(javax.servlet.http.HttpServletRequest,javax.servlet.http.HttpServletResponse)>/java.io.PrintWriter.println/0	<securibench.micro.inter.Inter10: void doGet(javax.servlet.http.HttpServletRequest,javax.servlet.http.HttpServletResponse)>/javax.servlet.http.HttpServletRequest.getParameter/0
default	default	115	<securibench.micro.basic.Basic7: void doGet(javax.servlet.http.HttpServletRequest,javax.servlet.http.HttpServletResponse)>/java.io.PrintWriter.println/0	<securibench.micro.basic.Basic23: void doGet(javax.servlet.http.HttpServletRequest,javax.servlet.http.HttpServletResponse)>/javax.servlet.http.HttpServletRequest.getParameter/0
default	default	115	<securibench.micro.basic.Basic7: void doGet(javax.servlet.http.HttpServletRequest,javax.servlet.http.HttpServletResponse)>/java.io.PrintWriter.println/0	<securibench.micro.basic.Basic39: void doGet(javax.servlet.http.HttpServletRequest,javax.servlet.http.HttpServletResponse)>/javax.servlet.http.HttpServletRequest.getParameter/0
default	default	115	<securibench.micro.basic.Basic7: void doGet(javax.servlet.http.HttpServletRequest,javax.servlet.http.HttpServletResponse)>/java.io.PrintWriter.println/0	<securibench.micro.sanitizers.Sanitizers4: void doGet(javax.servlet.http.HttpServletRequest,javax.servlet.http.HttpServletResponse)>/javax.servlet.http.HttpServletRequest.getParameter/0
default	default	115	<securibench.micro.basic.Basic7: void doGet(javax.servlet.http.HttpServletRequest,javax.servlet.http.HttpServletResponse)>/java.io.PrintWriter.println/0	<securibench.micro.aliasing.Aliasing5: void foo(java.lang.StringBuffer,java.lang.StringBuffer,javax.servlet.ServletResponse,javax.servlet.ServletRequest)>/javax.servlet.ServletRequest.getParameter/0
default	default	115	<securibench.micro.basic.Basic7: void doGet(javax.servlet.http.HttpServletRequest,javax.servlet.http.HttpServletResponse)>/java.io.PrintWriter.println/0	<securibench.micro.basic.Basic10: void doGet(javax.servlet.http.HttpServletRequest,javax.servlet.http.HttpServletResponse)>/javax.servlet.http.HttpServletRequest.getParameter/0
default	default	115	<securibench.micro.basic.Basic7: void doGet(javax.servlet.http.HttpServletRequest,javax.servlet.http.HttpServletResponse)>/java.io.PrintWriter.println/0	<securibench.micro.collections.Collections11: void doGet(javax.servlet.http.HttpServletRequest,javax.servlet.http.HttpServletResponse)>/javax.servlet.http.HttpServletRequest.getParameter/0
default	default	115	<securibench.micro.basic.Basic7: void doGet(javax.servlet.http.HttpServletRequest,javax.servlet.http.HttpServletResponse)>/java.io.PrintWriter.println/0	<securibench.micro.basic.Basic6: void doGet(javax.servlet.http.HttpServletRequest,javax.servlet.http.HttpServletResponse)>/javax.servlet.http.HttpServletRequest.getParameter/0
default	default	115	<securibench.micro.basic.Basic7: void doGet(javax.servlet.http.HttpServletRequest,javax.servlet.http.HttpServletResponse)>/java.io.PrintWriter.println/0	<securibench.micro.basic.Basic5: void doGet(javax.servlet.http.HttpServletRequest,javax.servlet.http.HttpServletResponse)>/javax.servlet.http.HttpServletRequest.getParameter/0
default	default	115	<securibench.micro.basic.Basic7: void doGet(javax.servlet.http.HttpServletRequest,javax.servlet.http.HttpServletResponse)>/java.io.PrintWriter.println/0	<securibench.micro.basic.Basic38: void doGet(javax.servlet.http.HttpServletRequest,javax.servlet.http.HttpServletResponse)>/javax.servlet.http.HttpServletRequest.getParameter/0
default	default	115	<securibench.micro.basic.Basic7: void doGet(javax.servlet.http.HttpServletRequest,javax.servlet.http.HttpServletResponse)>/java.io.PrintWriter.println/0	<securibench.micro.basic.Basic22: void doGet(javax.servlet.http.HttpServletRequest,javax.servlet.http.HttpServletResponse)>/javax.servlet.http.HttpServletRequest.getParameter/0
default	default	115	<securibench.micro.basic.Basic7: void doGet(javax.servlet.http.HttpServletRequest,javax.servlet.http.HttpServletResponse)>/java.io.PrintWriter.println/0	<securibench.micro.inter.Inter3: void doGet(javax.servlet.http.HttpServletRequest,javax.servlet.http.HttpServletResponse)>/javax.servlet.http.HttpServletRequest.getParameter/0
default	default	115	<securibench.micro.basic.Basic7: void doGet(javax.servlet.http.HttpServletRequest,javax.servlet.http.HttpServletResponse)>/java.io.PrintWriter.println/0	<securibench.micro.basic.Basic7: void doGet(javax.servlet.http.HttpServletRequest,javax.servlet.http.HttpServletResponse)>/javax.servlet.http.HttpServletRequest.getParameter/0
default	default	116	<securibench.micro.inter.Inter2: void doGet(javax.servlet.http.HttpServletRequest,javax.servlet.http.HttpServletResponse)>/java.io.PrintWriter.println/0	<securibench.micro.inter.Inter2: void doGet(javax.servlet.http.HttpServletRequest,javax.servlet.http.HttpServletResponse)>/javax.servlet.http.HttpServletRequest.getParameter/0
default	default	116	<securibench.micro.inter.Inter2: void doGet(javax.servlet.http.HttpServletRequest,javax.servlet.http.HttpServletResponse)>/java.io.PrintWriter.println/1	<securibench.micro.inter.Inter2: void doGet(javax.servlet.http.HttpServletRequest,javax.servlet.http.HttpServletResponse)>/javax.servlet.http.HttpServletRequest.getParameter/0
default	default	119	<securibench.micro.datastructures.Datastructures5: void doGet(javax.servlet.http.HttpServletRequest,javax.servlet.http.HttpServletResponse)>/java.io.PrintWriter.println/0	<securibench.micro.datastructures.Datastructures5: void doGet(javax.servlet.http.HttpServletRequest,javax.servlet.http.HttpServletResponse)>/javax.servlet.http.HttpServletRequest.getParameter/0
default	default	120	<securibench.micro.collections.Collections8: void doGet(javax.servlet.http.HttpServletRequest,javax.servlet.http.HttpServletResponse)>/java.io.PrintWriter.println/0	<securibench.micro.collections.Collections8: void doGet(javax.servlet.http.HttpServletRequest,javax.servlet.http.HttpServletResponse)>/javax.servlet.http.HttpServletRequest.getParameter/0
default	default	121	<securibench.micro.inter.Inter6$ReflectivelyCreated: void <clinit>()>/java.io.PrintWriter.println/0	<securibench.micro.inter.Inter6: void doGet(javax.servlet.http.HttpServletRequest,javax.servlet.http.HttpServletResponse)>/javax.servlet.http.HttpServletRequest.getParameter/0
default	default	122	<securibench.micro.collections.Collections10: void doGet(javax.servlet.http.HttpServletRequest,javax.servlet.http.HttpServletResponse)>/java.io.PrintWriter.println/0	<securibench.micro.collections.Collections10: void doGet(javax.servlet.http.HttpServletRequest,javax.servlet.http.HttpServletResponse)>/javax.servlet.http.HttpServletRequest.getParameter/0
default	default	123	<securibench.micro.basic.Basic29: void doGet(javax.servlet.http.HttpServletRequest,javax.servlet.http.HttpServletResponse)>/java.io.PrintWriter.println/0	<securibench.micro.basic.Basic29: void doGet(javax.servlet.http.HttpServletRequest,javax.servlet.http.HttpServletResponse)>/javax.servlet.http.HttpServletRequest.getParameter/0
default	default	123	<securibench.micro.basic.Basic29: void doGet(javax.servlet.http.HttpServletRequest,javax.servlet.http.HttpServletResponse)>/java.io.PrintWriter.println/1	<securibench.micro.basic.Basic29: void doGet(javax.servlet.http.HttpServletRequest,javax.servlet.http.HttpServletResponse)>/javax.servlet.http.HttpServletRequest.getParameter/0
default	default	222	<securibench.micro.aliasing.Aliasing5: void foo(java.lang.StringBuffer,java.lang.StringBuffer,javax.servlet.ServletResponse,javax.servlet.ServletRequest)>/java.io.PrintWriter.println/0	<securibench.micro.basic.Basic37: void doGet(javax.servlet.http.HttpServletRequest,javax.servlet.http.HttpServletResponse)>/javax.servlet.http.HttpServletRequest.getParameter/0
default	default	222	<securibench.micro.aliasing.Aliasing5: void foo(java.lang.StringBuffer,java.lang.StringBuffer,javax.servlet.ServletResponse,javax.servlet.ServletRequest)>/java.io.PrintWriter.println/0	<securibench.micro.aliasing.Aliasing4: void doGet(javax.servlet.http.HttpServletRequest,javax.servlet.http.HttpServletResponse)>/javax.servlet.http.HttpServletRequest.getParameter/0
default	default	222	<securibench.micro.aliasing.Aliasing5: void foo(java.lang.StringBuffer,java.lang.StringBuffer,javax.servlet.ServletResponse,javax.servlet.ServletRequest)>/java.io.PrintWriter.println/0	<securibench.micro.inter.Inter10: void doGet(javax.servlet.http.HttpServletRequest,javax.servlet.http.HttpServletResponse)>/javax.servlet.http.HttpServletRequest.getParameter/0
default	default	222	<securibench.micro.aliasing.Aliasing5: void foo(java.lang.StringBuffer,java.lang.StringBuffer,javax.servlet.ServletResponse,javax.servlet.ServletRequest)>/java.io.PrintWriter.println/0	<securibench.micro.basic.Basic23: void doGet(javax.servlet.http.HttpServletRequest,javax.servlet.http.HttpServletResponse)>/javax.servlet.http.HttpServletRequest.getParameter/0
default	default	222	<securibench.micro.aliasing.Aliasing5: void foo(java.lang.StringBuffer,java.lang.StringBuffer,javax.servlet.ServletResponse,javax.servlet.ServletRequest)>/java.io.PrintWriter.println/0	<securibench.micro.basic.Basic39: void doGet(javax.servlet.http.HttpServletRequest,javax.servlet.http.HttpServletResponse)>/javax.servlet.http.HttpServletRequest.getParameter/0
default	default	222	<securibench.micro.aliasing.Aliasing5: void foo(java.lang.StringBuffer,java.lang.StringBuffer,javax.servlet.ServletResponse,javax.servlet.ServletRequest)>/java.io.PrintWriter.println/0	<securibench.micro.sanitizers.Sanitizers4: void doGet(javax.servlet.http.HttpServletRequest,javax.servlet.http.HttpServletResponse)>/javax.servlet.http.HttpServletRequest.getParameter/0
default	default	222	<securibench.micro.aliasing.Aliasing5: void foo(java.lang.StringBuffer,java.lang.StringBuffer,javax.servlet.ServletResponse,javax.servlet.ServletRequest)>/java.io.PrintWriter.println/0	<securibench.micro.aliasing.Aliasing5: void foo(java.lang.StringBuffer,java.lang.StringBuffer,javax.servlet.ServletResponse,javax.servlet.ServletRequest)>/javax.servlet.ServletRequest.getParameter/0
default	default	222	<securibench.micro.aliasing.Aliasing5: void foo(java.lang.StringBuffer,java.lang.StringBuffer,javax.servlet.ServletResponse,javax.servlet.ServletRequest)>/java.io.PrintWriter.println/0	<securibench.micro.basic.Basic10: void doGet(javax.servlet.http.HttpServletRequest,javax.servlet.http.HttpServletResponse)>/javax.servlet.http.HttpServletRequest.getParameter/0
default	default	222	<securibench.micro.aliasing.Aliasing5: void foo(java.lang.StringBuffer,java.lang.StringBuffer,javax.servlet.ServletResponse,javax.servlet.ServletRequest)>/java.io.PrintWriter.println/0	<securibench.micro.collections.Collections11: void doGet(javax.servlet.http.HttpServletRequest,javax.servlet.http.HttpServletResponse)>/javax.servlet.http.HttpServletRequest.getParameter/0
default	default	222	<securibench.micro.aliasing.Aliasing5: void foo(java.lang.StringBuffer,java.lang.StringBuffer,javax.servlet.ServletResponse,javax.servlet.ServletRequest)>/java.io.PrintWriter.println/0	<securibench.micro.basic.Basic6: void doGet(javax.servlet.http.HttpServletRequest,javax.servlet.http.HttpServletResponse)>/javax.servlet.http.HttpServletRequest.getParameter/0
default	default	222	<securibench.micro.aliasing.Aliasing5: void foo(java.lang.StringBuffer,java.lang.StringBuffer,javax.servlet.ServletResponse,javax.servlet.ServletRequest)>/java.io.PrintWriter.println/0	<securibench.micro.basic.Basic5: void doGet(javax.servlet.http.HttpServletRequest,javax.servlet.http.HttpServletResponse)>/javax.servlet.http.HttpServletRequest.getParameter/0
default	default	222	<securibench.micro.aliasing.Aliasing5: void foo(java.lang.StringBuffer,java.lang.StringBuffer,javax.servlet.ServletResponse,javax.servlet.ServletRequest)>/java.io.PrintWriter.println/0	<securibench.micro.basic.Basic38: void doGet(javax.servlet.http.HttpServletRequest,javax.servlet.http.HttpServletResponse)>/javax.servlet.http.HttpServletRequest.getParameter/0
default	default	222	<securibench.micro.aliasing.Aliasing5: void foo(java.lang.StringBuffer,java.lang.StringBuffer,javax.servlet.ServletResponse,javax.servlet.ServletRequest)>/java.io.PrintWriter.println/0	<securibench.micro.basic.Basic22: void doGet(javax.servlet.http.HttpServletRequest,javax.servlet.http.HttpServletResponse)>/javax.servlet.http.HttpServletRequest.getParameter/0
default	default	222	<securibench.micro.aliasing.Aliasing5: void foo(java.lang.StringBuffer,java.lang.StringBuffer,javax.servlet.ServletResponse,javax.servlet.ServletRequest)>/java.io.PrintWriter.println/0	<securibench.micro.inter.Inter3: void doGet(javax.servlet.http.HttpServletRequest,javax.servlet.http.HttpServletResponse)>/javax.servlet.http.HttpServletRequest.getParameter/0
default	default	222	<securibench.micro.aliasing.Aliasing5: void foo(java.lang.StringBuffer,java.lang.StringBuffer,javax.servlet.ServletResponse,javax.servlet.ServletRequest)>/java.io.PrintWriter.println/0	<securibench.micro.basic.Basic7: void doGet(javax.servlet.http.HttpServletRequest,javax.servlet.http.HttpServletResponse)>/javax.servlet.http.HttpServletRequest.getParameter/0
default	default	280	<securibench.micro.inter.Inter4: void f(javax.servlet.ServletResponse)>/java.io.PrintWriter.println/0	<securibench.micro.inter.Inter4: void doGet(javax.servlet.http.HttpServletRequest,javax.servlet.http.HttpServletResponse)>/javax.servlet.http.HttpServletRequest.getParameter/0
default	default	284	<securibench.micro.inter.Inter3: void f9(java.lang.String)>/java.io.PrintWriter.println/0	<securibench.micro.inter.Inter3: void doGet(javax.servlet.http.HttpServletRequest,javax.servlet.http.HttpServletResponse)>/javax.servlet.http.HttpServletRequest.getParameter/0
default	default	286	<securibench.micro.inter.Inter13: void f(java.lang.String,int,javax.servlet.ServletResponse)>/java.io.PrintWriter.println/0	<securibench.micro.inter.Inter13: void doGet(javax.servlet.http.HttpServletRequest,javax.servlet.http.HttpServletResponse)>/javax.servlet.http.HttpServletRequest.getParameter/0
default	default	290	<securibench.micro.inter.Inter2: java.lang.String id(java.lang.String,java.io.PrintWriter)>/java.io.PrintWriter.println/0	<securibench.micro.inter.Inter2: void doGet(javax.servlet.http.HttpServletRequest,javax.servlet.http.HttpServletResponse)>/javax.servlet.http.HttpServletRequest.getParameter/0
default	default	292	<securibench.micro.inter.Inter14: void f(java.lang.String,int,javax.servlet.ServletResponse)>/java.io.PrintWriter.println/0	<securibench.micro.inter.Inter14: void doGet(javax.servlet.http.HttpServletRequest,javax.servlet.http.HttpServletResponse)>/javax.servlet.http.HttpServletRequest.getParameter/0
default	default	347	<securibench.micro.collections.Collections11b: void foo(java.lang.Object,javax.servlet.ServletResponse)>/java.io.PrintWriter.println/0	<securibench.micro.collections.Collections11: void doGet(javax.servlet.http.HttpServletRequest,javax.servlet.http.HttpServletResponse)>/javax.servlet.http.HttpServletRequest.getParameter/0
default	default	359	<securibench.micro.inter.Inter7$Base: void foo()>/java.io.PrintWriter.println/0	<securibench.micro.inter.Inter7: void doGet(javax.servlet.http.HttpServletRequest,javax.servlet.http.HttpServletResponse)>/javax.servlet.http.HttpServletRequest.getParameter/0
